user_id,item_id
00000078-0000-0000-0000-000000000000,c63b9e3a-716f-423a-9c9b-0bcaa1b9f35d
00000078-0000-0000-0000-000000000000,9712bdf6-9419-4953-a8f1-8a4015dee986
00000078-0000-0000-0000-000000000000,9b912512-fb16-4536-9e69-008998b9d6b8
00000213-0000-0000-0000-000000000000,79c93deb-fe60-4c81-8d51-cb7400a0a156
00000213-0000-0000-0000-000000000000,88439180-e442-4ecf-a485-88c7de0296e9
00000213-0000-0000-0000-000000000000,4f0ea39c-f16c-4d6a-9709-d106c66afcc9
00000107-0000-0000-0000-000000000000,25de4ffd-cee4-4f27-907e-fd6b802c6ede
00000107-0000-0000-0000-000000000000,f8b625f3-e38d-41ac-806d-ed0b1f1ef40f
00000107-0000-0000-0000-000000000000,df495f22-6315-42a8-9553-b43ab707b683
00000081-0000-0000-0000-000000000000,bd91bda8-351e-4683-bb1a-8254f93e2376
00000081-0000-0000-0000-000000000000,9f58f93b-f6d8-4482-9503-6417d159520c
00000081-0000-0000-0000-000000000000,5d48fa4e-1999-45dc-b768-b15b30a87cc5
00000280-0000-0000-0000-000000000000,38686456-b993-4cbb-af0d-1c53df2f3e12
00000280-0000-0000-0000-000000000000,1ee32c21-0178-4442-90dc-51792a0c3c98
00000280-0000-0000-0000-000000000000,0308ebd3-2b11-460b-9952-8fcba86da7cb
00000010-0000-0000-0000-000000000000,99a07643-8479-4d34-9de8-68627854f458
00000010-0000-0000-0000-000000000000,d89e78ba-71e3-4200-8049-89f0d13285a9
00000010-0000-0000-0000-000000000000,e007e8db-08b9-43d4-92f9-7943ef123ed1
00000100-0000-0000-0000-000000000000,93bf6502-405f-4084-8b14-170f5dc2cba6
00000100-0000-0000-0000-000000000000,d9ce8432-f72e-4253-9735-98318a6f9f7f
00000100-0000-0000-0000-000000000000,0b713c10-54fb-409f-9c3b-5d3bfe85f8fd
00000279-0000-0000-0000-000000000000,0f0dd1ae-a36c-4c97-9785-4698400c67b1
00000279-0000-0000-0000-000000000000,de1ab247-9d48-48f7-8499-31606f53c108
00000279-0000-0000-0000-000000000000,dfc7b80f-8f85-4388-a54a-61310aa9811c
00000042-0000-0000-0000-000000000000,4b49f3a2-32c9-4b2e-89c4-4719f98e7a74
00000042-0000-0000-0000-000000000000,2e91a956-a24a-4d0c-8a9a-7aeadba95ad9
00000042-0000-0000-0000-000000000000,e181b15e-d1a2-445e-8867-2bc0b6a0ae65
00000308-0000-0000-0000-000000000000,59b15893-ea8a-44e3-b33f-04c3ce9b2e10
00000308-0000-0000-0000-000000000000,fe1c58ae-f039-4ab6-b4dc-f3ea59b10d94
00000308-0000-0000-0000-000000000000,ca19bae7-0abb-48d1-bb35-0c87e12bca49
00000205-0000-0000-0000-000000000000,3fe963b2-ae3e-4224-867e-16406c78ac1a
00000205-0000-0000-0000-000000000000,ae28101b-a42e-45b7-b24b-4ea0f1fb2d50
00000205-0000-0000-0000-000000000000,2a669d8e-5617-443c-9c4a-18c187157569
00000289-0000-0000-0000-000000000000,1f442344-084b-44f8-838b-332be289083c
00000289-0000-0000-0000-000000000000,421aac6b-49ce-4697-a68f-850152f323d7
00000289-0000-0000-0000-000000000000,125c5959-225d-4f7d-83c2-306f2492f995
00000268-0000-0000-0000-000000000000,a35c09b4-e702-471c-9328-87108f9a1590
00000268-0000-0000-0000-000000000000,d95cc26f-6301-4c24-8b57-cb96c7e5ae22
00000268-0000-0000-0000-000000000000,0bb52aae-bcc6-498c-aa5e-7be563846857
00000018-0000-0000-0000-000000000000,63846d07-8443-4bf8-8cd9-bc6cc7826555
00000018-0000-0000-0000-000000000000,668b4633-ea27-4505-9499-f9b444fb949c
00000018-0000-0000-0000-000000000000,00692f30-7659-49ba-9136-180f185b59d4
00000009-0000-0000-0000-000000000000,e39256ff-1053-4176-a667-713a01d679b1
00000009-0000-0000-0000-000000000000,bfbba89d-fdaa-400d-8848-ca1ff8d51cd7
00000009-0000-0000-0000-000000000000,94cd01c5-d04f-4998-937d-3160ab46a1f1
00000101-0000-0000-0000-000000000000,144f5e5e-8069-425f-80b3-6388195ba4ee
00000101-0000-0000-0000-000000000000,785aec2e-3be5-4c54-bc2a-68714ab88d30
00000101-0000-0000-0000-000000000000,20c1297e-dcfa-480f-9b3e-67e141612304
00000236-0000-0000-0000-000000000000,6acde723-5e70-4789-9fa2-dbee23d5a250
00000236-0000-0000-0000-000000000000,e0cc986d-d94d-459a-9825-04a8619e0e9f
00000236-0000-0000-0000-000000000000,65befcb3-90e9-4213-acf1-01a4c92020e3
00000059-0000-0000-0000-000000000000,82b095fd-2fb6-48ae-8476-2f457f8b6650
00000059-0000-0000-0000-000000000000,652a263b-448e-4b79-81b3-99750ee3059d
00000059-0000-0000-0000-000000000000,a987f447-c7a7-4baf-98dc-ba35fcf26217
00000025-0000-0000-0000-000000000000,35c5dcc7-4720-4318-901e-770105ae63fd
00000025-0000-0000-0000-000000000000,464ace62-ddf2-423d-a5d7-2f17e6785c8e
00000025-0000-0000-0000-000000000000,bb6d04b6-a6cf-4a9f-8324-4e06e6e81c86
00000005-0000-0000-0000-000000000000,59d5d7bb-6700-40ad-8884-ff43b1a9a1a0
00000005-0000-0000-0000-000000000000,cdc1554f-e985-4e17-926d-80d582297af2
00000005-0000-0000-0000-000000000000,8f2dd12f-054c-46e5-84d1-70998130811f
00000104-0000-0000-0000-000000000000,778661ac-836f-4d41-87ce-74ada9cdb276
00000104-0000-0000-0000-000000000000,73089763-06d2-4395-b235-aa3e6a399531
00000104-0000-0000-0000-000000000000,691a4291-39ab-427f-9e4e-6061251d0987
00000276-0000-0000-0000-000000000000,41ca41ac-66e3-4a6b-a604-87bf8b3a8d4d
00000276-0000-0000-0000-000000000000,7a3e9dc2-2572-4954-82b4-1786e9e48f1f
00000276-0000-0000-0000-000000000000,d4e7a0f1-65aa-4d09-9329-f09dec341115
00000014-0000-0000-0000-000000000000,2077ea5b-53ac-4242-bbfc-20005ad63db8
00000014-0000-0000-0000-000000000000,f4967415-69ae-43e4-a4f2-88f456e72b79
00000014-0000-0000-0000-000000000000,3a11a551-b4de-49be-9339-fad0caec5982
00000270-0000-0000-0000-000000000000,e4186e86-6782-472a-a688-276965ef2f45
00000270-0000-0000-0000-000000000000,b965108a-9221-47d3-8fa5-858f10a042c1
00000270-0000-0000-0000-000000000000,1adddd9c-59de-470c-b29a-b49bb6c7b43a
00000238-0000-0000-0000-000000000000,f48600d6-e492-43eb-b564-1860aa81da5f
00000238-0000-0000-0000-000000000000,05d13992-e0c5-496e-ad15-5382a03d6b77
00000238-0000-0000-0000-000000000000,076e6344-def6-44e9-ac90-aac3b12b3272
00000269-0000-0000-0000-000000000000,05b5a4f4-b115-4b76-9fe1-b80c4498289b
00000269-0000-0000-0000-000000000000,948c007c-38cb-4ac5-bd5e-dc73b3e6453e
00000269-0000-0000-0000-000000000000,cf38deb6-3e0b-4cb5-8285-0f2fe9c40f90
00000043-0000-0000-0000-000000000000,cefe7caf-6cd1-422a-b41e-e82b543556e9
00000043-0000-0000-0000-000000000000,8a78364e-63bf-4915-b718-fdc461bc62c9
00000043-0000-0000-0000-000000000000,892eb0be-055f-47c5-8895-1afb97c8f406
00000065-0000-0000-0000-000000000000,f5f54058-8c3c-4f6b-9549-db99b17685ed
00000065-0000-0000-0000-000000000000,0bda5010-9ac6-447b-b484-60e380f4921d
00000065-0000-0000-0000-000000000000,d9492876-df4d-4570-a58d-5a0438315fc9
00000097-0000-0000-0000-000000000000,1655c90b-29c7-47ef-a092-01f2550db3aa
00000097-0000-0000-0000-000000000000,4aab2c31-fe02-4169-8cff-7317449f08a4
00000097-0000-0000-0000-000000000000,fa767018-9ca7-49ff-b76f-3c86fb76ece7
00000206-0000-0000-0000-000000000000,9914ac16-124f-4d12-a19a-245ce882edce
00000206-0000-0000-0000-000000000000,8eb3f459-49b2-473c-836b-f4e8a9186b4b
00000206-0000-0000-0000-000000000000,b216a836-d474-47cb-97b5-2e56e1db7145
00000021-0000-0000-0000-000000000000,7150c749-dff2-4bd5-90ff-ff1e1cda468b
00000021-0000-0000-0000-000000000000,c0645487-4d27-4153-8bd6-c6abc823b72e
00000021-0000-0000-0000-000000000000,ea75d841-6ddc-467b-91bf-87890710557e
00000221-0000-0000-0000-000000000000,8ae1234f-2a28-4069-a017-e99de5d67cc6
00000221-0000-0000-0000-000000000000,c568a36b-8349-400f-a484-415b3b96fabe
00000221-0000-0000-0000-000000000000,c882603e-84fb-4fba-b73f-c64f9504427d
00000071-0000-0000-0000-000000000000,5043c033-841c-46dd-94a3-1b5bef034c62
00000071-0000-0000-0000-000000000000,2f6f6aea-1686-46e7-9157-03e06451177f
00000071-0000-0000-0000-000000000000,17919183-4177-4edb-a6d5-f2dc9456dbb7
00000254-0000-0000-0000-000000000000,af966ff7-109a-4c28-a644-393f5333ce69
00000254-0000-0000-0000-000000000000,518fdc20-b87e-445f-a262-296f8bbb618d
00000254-0000-0000-0000-000000000000,3488a8a3-8568-418e-a455-b9045d5d3d3c
00000226-0000-0000-0000-000000000000,e21aceaf-be57-426c-b999-7ee8a309db36
00000226-0000-0000-0000-000000000000,f7ede7c9-fa3f-45a4-8f69-5e54a2635920
00000226-0000-0000-0000-000000000000,c568a36b-8349-400f-a484-415b3b96fabe
00000241-0000-0000-0000-000000000000,0b269ea1-2650-4666-9958-500993921e03
00000241-0000-0000-0000-000000000000,468d098e-2322-4950-ac11-9756f3112944
00000241-0000-0000-0000-000000000000,7b326abc-08f2-4dcf-b2c3-fd27df668d4a
00000261-0000-0000-0000-000000000000,de87bc36-272a-4710-8683-6e02cb364c70
00000261-0000-0000-0000-000000000000,1bd5e376-8b0c-43b4-966f-a44df6a27bfb
00000261-0000-0000-0000-000000000000,2ea208f7-c91c-4e43-a7d7-a28a15ddd0b5
00000045-0000-0000-0000-000000000000,41ca41ac-66e3-4a6b-a604-87bf8b3a8d4d
00000045-0000-0000-0000-000000000000,6211fd17-f7cf-4680-82be-365da49b211e
00000045-0000-0000-0000-000000000000,028975ec-06f7-4e78-bfb1-f960c9a95fe6
00000019-0000-0000-0000-000000000000,d8ad7175-469b-45b5-8eb9-69504cd04f0f
00000019-0000-0000-0000-000000000000,a8897503-7d8f-4380-af49-3b426a79191d
00000019-0000-0000-0000-000000000000,3af81197-2d9d-424d-88d7-0fb20cd761be
00000210-0000-0000-0000-000000000000,4764014a-4240-4c65-aa92-20eb1369a2f7
00000210-0000-0000-0000-000000000000,5b53496d-48dd-4899-9d45-11f55456cdba
00000210-0000-0000-0000-000000000000,eab2a705-18b6-4bbe-84f4-acacb4cd8a1f
00000231-0000-0000-0000-000000000000,abde2981-9a7c-429b-892d-18570f79947e
00000231-0000-0000-0000-000000000000,e482f54c-91e6-4eb5-9370-66a8048fb742
00000231-0000-0000-0000-000000000000,27f84819-fc3c-4a62-83d3-e7a0f83487cc
00000233-0000-0000-0000-000000000000,05384bb4-f2a9-4c69-8869-c0744d3d5881
00000233-0000-0000-0000-000000000000,ba3e3bad-1b06-433a-8d95-710ec7988511
00000233-0000-0000-0000-000000000000,03390467-c6dc-4242-a039-c7e9a8bb242f
00000263-0000-0000-0000-000000000000,1a277fb7-4cd7-409b-9f28-d83cef78ca10
00000263-0000-0000-0000-000000000000,bf529b60-26c1-4400-985d-984229ca7c77
00000263-0000-0000-0000-000000000000,c8fd4323-9af9-4a0d-ab53-e563c71f9795
00000201-0000-0000-0000-000000000000,3812f9fd-80a0-4cc8-b8f4-aa36b5076360
00000201-0000-0000-0000-000000000000,93f0582d-c7c3-4897-9980-698c33c1b6c4
00000201-0000-0000-0000-000000000000,469e37c0-a241-4675-8b1a-aa31d11a438c
00000293-0000-0000-0000-000000000000,36788458-5fb5-4bcd-be02-3a47e5c8c19d
00000293-0000-0000-0000-000000000000,526a8c1c-7eeb-4696-b0c5-2f442c5861c2
00000293-0000-0000-0000-000000000000,89eabdde-2762-41b6-860a-b360ac240877
00000208-0000-0000-0000-000000000000,b22a35e9-244e-44d6-b7bf-97f3ff664866
00000208-0000-0000-0000-000000000000,ea760a14-3f99-426c-a159-a7477e4a134f
00000208-0000-0000-0000-000000000000,0333591c-1369-425a-b886-d46017a2073f
00000282-0000-0000-0000-000000000000,2fb58e26-5ea0-4b50-b80d-4b03640042b4
00000282-0000-0000-0000-000000000000,65b21fdf-4c37-4813-ac88-102cd7085df8
00000282-0000-0000-0000-000000000000,3a337b5d-0424-47ed-aba1-c18acce78d9c
00000062-0000-0000-0000-000000000000,e7fef7f2-2549-499b-8b36-e4628119d352
00000062-0000-0000-0000-000000000000,4344f76e-1747-4bc9-8d02-c26db29151f4
00000062-0000-0000-0000-000000000000,a19f30a9-eb0a-4985-9ecd-0cda8e54e549
00000055-0000-0000-0000-000000000000,21383ddc-b6bb-4cf7-8815-139a3c4d9fae
00000055-0000-0000-0000-000000000000,36068280-ca59-4336-9739-222688677a91
00000055-0000-0000-0000-000000000000,4352a4ad-d1c6-4d33-8abd-fab410d18863
00000257-0000-0000-0000-000000000000,c8bd9b15-8ce0-4307-9f49-0f205217178f
00000257-0000-0000-0000-000000000000,cd9ab353-e8eb-42df-995a-1594118a6a5c
00000257-0000-0000-0000-000000000000,a61a8700-d95b-4841-9eba-e0350b128b71
00000058-0000-0000-0000-000000000000,25bf6c36-116f-42c9-9d1c-c179e6292a34
00000058-0000-0000-0000-000000000000,6fc5f631-563f-4665-92f6-dd3a4c4c201c
00000058-0000-0000-0000-000000000000,963746a0-e9c8-42e6-b432-bea5f0ef6dfd
00000283-0000-0000-0000-000000000000,446d2996-bc82-4216-9965-15c3f8b63ada
00000283-0000-0000-0000-000000000000,3655451d-7c18-4289-896d-5b0aa903dd05
00000283-0000-0000-0000-000000000000,592f0253-6e85-436a-9ac9-b20e760de848
00000032-0000-0000-0000-000000000000,228bcc8e-7fff-4ed2-b5d7-54dc6f0aa126
00000032-0000-0000-0000-000000000000,c57fb563-7c9e-4cfd-92ca-fc2ce04c79d2
00000032-0000-0000-0000-000000000000,6a93bf30-f16d-4581-9725-2e94f7af852a
00000094-0000-0000-0000-000000000000,3655451d-7c18-4289-896d-5b0aa903dd05
00000094-0000-0000-0000-000000000000,8d7709e5-4325-4c93-ad33-0fc7006dc0a9
00000094-0000-0000-0000-000000000000,03390467-c6dc-4242-a039-c7e9a8bb242f
00000015-0000-0000-0000-000000000000,26cb5bba-0b80-41d4-9e42-aada06c879ca
00000015-0000-0000-0000-000000000000,3f93b057-0edb-401e-8988-4fbb801df9b4
00000015-0000-0000-0000-000000000000,17347dbd-dbfc-48f5-984e-4de0a9f0db56
00000004-0000-0000-0000-000000000000,aa674ad5-ae70-4223-8685-e717a27dc1b3
00000004-0000-0000-0000-000000000000,0c2d5267-638a-4954-8974-55d28a3fe600
00000004-0000-0000-0000-000000000000,e153ff0d-91fa-445e-81bf-ca8071f28b45
00000300-0000-0000-0000-000000000000,41ce1303-0091-4414-b26d-18f66101a99f
00000300-0000-0000-0000-000000000000,bb33e3f3-d470-4276-80ca-168d4102b932
00000300-0000-0000-0000-000000000000,957bfda8-f20e-441d-af74-d4835b266baf
00000243-0000-0000-0000-000000000000,6dcf1f6e-36a9-4606-b43d-9a6b456ab0bb
00000243-0000-0000-0000-000000000000,12fa6f99-e1e6-449e-96bb-63cc1353790f
00000243-0000-0000-0000-000000000000,7ff99614-92c8-49b8-9b7d-66b0c98887b8
00000034-0000-0000-0000-000000000000,08d7ebd9-60c7-48eb-b2e8-2d5af7eddb2b
00000034-0000-0000-0000-000000000000,55726582-8401-4a6f-889b-e9bd3953be7c
00000034-0000-0000-0000-000000000000,cc6c9dc5-4d30-4653-bee7-9f3ba90fbf48
00000246-0000-0000-0000-000000000000,91206982-9748-46e2-9a65-965000b77518
00000246-0000-0000-0000-000000000000,03aeeac2-f1bc-44a9-9acd-f316f261f70a
00000246-0000-0000-0000-000000000000,ec539caa-4b62-4b5f-8428-489809f80611
00000212-0000-0000-0000-000000000000,b303e4ec-87fb-40f9-8704-9037bad5af8a
00000212-0000-0000-0000-000000000000,1b0fe20b-34d9-493e-bf7f-75e1fe45a183
00000212-0000-0000-0000-000000000000,4dd38664-fc38-4c4d-9969-1d99474a427b
00000214-0000-0000-0000-000000000000,537715f1-138d-45c2-a8bf-65c5429f5ab9
00000214-0000-0000-0000-000000000000,50b3e292-2b9e-44a1-bb4d-3a6dc5a0acdb
00000214-0000-0000-0000-000000000000,519b2477-0fe0-4ddb-b15c-3910c1cc4500
00000259-0000-0000-0000-000000000000,9e3eef54-a91f-4515-a406-7d8f67b02ec1
00000259-0000-0000-0000-000000000000,c13be8db-bf8d-46ce-a4ea-b839915e50e1
00000259-0000-0000-0000-000000000000,bd98a674-8b61-4e57-9721-4ccaf1d2bdb0
00000267-0000-0000-0000-000000000000,d35cd23b-4170-4fc3-9b6f-acd0cb9a1337
00000267-0000-0000-0000-000000000000,c3829f80-57bf-4db6-9e06-dd81b8bb6148
00000267-0000-0000-0000-000000000000,f69eb3f1-38e0-439d-a950-b257c857a6f6
00000090-0000-0000-0000-000000000000,f44898d9-2523-4217-8a9a-29786b7d5a19
00000090-0000-0000-0000-000000000000,903c7ec0-c173-49a0-a310-b0e7d977734a
00000090-0000-0000-0000-000000000000,e4091ee2-831d-4ebe-a097-655f2bdc68a1
00000066-0000-0000-0000-000000000000,0b5888eb-e3d9-44ed-9c9c-1b88101dd694
00000066-0000-0000-0000-000000000000,ec87a926-171d-4f62-9acc-1b870c010a16
00000066-0000-0000-0000-000000000000,c58ab6ec-4b3c-4561-96e7-a32829096032
00000020-0000-0000-0000-000000000000,ad5d883f-4352-4d25-ba7b-cbb605c73662
00000020-0000-0000-0000-000000000000,b7cde779-2068-468d-8666-649e6684ad6f
00000020-0000-0000-0000-000000000000,9081f170-07e2-4a15-b72f-9bb2222efac2
00000024-0000-0000-0000-000000000000,bf4977ff-8fa5-4e82-b957-b6955c5bcbf0
00000024-0000-0000-0000-000000000000,77a60236-e5b8-4c86-a422-1f3fa9726492
00000024-0000-0000-0000-000000000000,6cf1a63d-e435-4b2d-9b7a-3b8eb31d329d
00000281-0000-0000-0000-000000000000,de5d9a1f-67f6-45ea-a4a4-0540f5b7583e
00000281-0000-0000-0000-000000000000,15c7b3a7-1aba-46ab-8ca6-7d231c7b3903
00000281-0000-0000-0000-000000000000,7a61d769-8136-4f39-9fa6-d90812df602e
00000264-0000-0000-0000-000000000000,31e7fe84-bd3a-4b49-8adc-cc2e1f7a5b42
00000264-0000-0000-0000-000000000000,011c479f-7594-4bce-ab72-1bc7b4697186
00000264-0000-0000-0000-000000000000,52311eaf-a5c0-4f88-9e87-c1da59be3c3f
00000079-0000-0000-0000-000000000000,8394ad57-d4ab-4bf9-8ef3-90eea6459c35
00000079-0000-0000-0000-000000000000,c59f4bbd-71f6-4073-807f-09e8f0d3efcc
00000079-0000-0000-0000-000000000000,a9e6f7c9-ed2d-4a17-8407-470c0e7dc0da
00000304-0000-0000-0000-000000000000,ff7e8f8e-8d03-419f-bd98-93e3651fd01a
00000304-0000-0000-0000-000000000000,699d9916-8faf-4dd7-8c24-82a9351d0ca8
00000304-0000-0000-0000-000000000000,32e5b6ab-c8e0-49a7-a9d3-249a60edac0e
00000292-0000-0000-0000-000000000000,655f64b4-74e8-4f5e-9b49-13a976ad3ee4
00000292-0000-0000-0000-000000000000,8eac310f-a32f-462b-8ca8-da7c8fcd41e7
00000292-0000-0000-0000-000000000000,23bfbecc-da11-4536-b41f-876ca1cd10e8
00000215-0000-0000-0000-000000000000,97ed16c9-cc0b-4db0-962f-2f00b19f63e2
00000215-0000-0000-0000-000000000000,ae30b754-a275-43dc-a2c9-95ab33a7c557
00000215-0000-0000-0000-000000000000,1a8bc7bb-c02c-42de-88bc-43ee929efee0
00000225-0000-0000-0000-000000000000,e00e9883-7fe2-465b-a29b-efc7a88a3956
00000225-0000-0000-0000-000000000000,6fec9716-f49f-40e9-913e-db3f4df46379
00000225-0000-0000-0000-000000000000,d5a2c8f9-99ae-49c0-b803-b60eeaf539a1
00000108-0000-0000-0000-000000000000,d23082b4-ab12-4bcb-8658-d54ba791f263
00000108-0000-0000-0000-000000000000,b19204fc-d1c9-4ac2-b3b5-589e501bd5ed
00000108-0000-0000-0000-000000000000,34c00d95-21b1-4403-9e05-0145e6d92e23
00000098-0000-0000-0000-000000000000,dcb6c534-23d4-4dde-ac8c-3b0292bed919
00000098-0000-0000-0000-000000000000,5db9db05-7e10-41d4-8f1f-81259fdc8ea7
00000098-0000-0000-0000-000000000000,0a950fa3-7da6-4667-8330-a61b09c737fb
00000038-0000-0000-0000-000000000000,d525c38e-a296-4dec-8a60-d1fb98a355e3
00000038-0000-0000-0000-000000000000,7f8cc722-0377-4821-acd7-ec947f801a4d
00000038-0000-0000-0000-000000000000,e17a3380-323d-4668-bed5-272502280045
00000287-0000-0000-0000-000000000000,79c61856-f978-48c5-a7a8-0863bc661106
00000287-0000-0000-0000-000000000000,8844672a-7724-4a73-bd3f-91d2a1d898bc
00000287-0000-0000-0000-000000000000,b0cd6b10-73b8-4d15-9395-b44c7ab600fe
00000295-0000-0000-0000-000000000000,6a8852ee-b847-4bc8-9b22-a9b47b56181e
00000295-0000-0000-0000-000000000000,7f7dcbf8-d428-48de-b2e6-500598fe8a9b
00000295-0000-0000-0000-000000000000,6824aef8-bbd6-4e7b-8f8a-c19fcdb8347f
00000255-0000-0000-0000-000000000000,62cb0474-809d-4554-82b8-861ba23d8cb4
00000255-0000-0000-0000-000000000000,91b3fd62-9ffc-4bac-b918-bf31ebbe44ae
00000255-0000-0000-0000-000000000000,d3a79132-e779-454c-b755-b29c933b8280
00000076-0000-0000-0000-000000000000,6c9bca81-11e0-41a4-b894-3bcd66dc2bf6
00000076-0000-0000-0000-000000000000,a55552b1-2d75-431f-876c-11c0f4134c16
00000076-0000-0000-0000-000000000000,a5b708a2-9c01-4353-83b1-f581c71d9b9a
00000248-0000-0000-0000-000000000000,f3f0c57a-a2b5-4c58-86ab-3a98b46c9242
00000248-0000-0000-0000-000000000000,3a337b5d-0424-47ed-aba1-c18acce78d9c
00000248-0000-0000-0000-000000000000,64d8a9b5-9573-4b9e-8c94-6226348204ed
00000085-0000-0000-0000-000000000000,cbb7fc5e-f284-4b66-bd88-ef53baf4ef25
00000085-0000-0000-0000-000000000000,022a3eb4-5f95-40ac-b208-66c2fa690ff6
00000085-0000-0000-0000-000000000000,15f317a8-1d4d-41c4-93ec-bc9be43c3984
00000290-0000-0000-0000-000000000000,93d1aa65-a113-4dd2-8959-e8204bfea616
00000290-0000-0000-0000-000000000000,6b826cd7-adc3-4ae6-af58-c2de59f367b9
00000290-0000-0000-0000-000000000000,6bffcce9-8909-49b1-bbb3-b855c1f2dc0b
00000073-0000-0000-0000-000000000000,0d316cb2-c466-4b2b-b28b-0a726d513ef2
00000073-0000-0000-0000-000000000000,bf529b60-26c1-4400-985d-984229ca7c77
00000073-0000-0000-0000-000000000000,c8fd4323-9af9-4a0d-ab53-e563c71f9795
00000309-0000-0000-0000-000000000000,395d6c0b-a199-451e-81ed-b49bfd853927
00000309-0000-0000-0000-000000000000,d175b97a-35ec-4993-b9b6-86da1663aaef
00000309-0000-0000-0000-000000000000,90a1182c-301d-4b3a-b2a6-9fb010232c9e
00000239-0000-0000-0000-000000000000,2ead4363-f521-4377-b71c-f380fd9f5094
00000239-0000-0000-0000-000000000000,deb0df64-4649-4785-a87a-2ad90a819c25
00000239-0000-0000-0000-000000000000,c1abfb0f-8f6a-4859-8b41-341bdab2fa05
00000284-0000-0000-0000-000000000000,552fc915-5ee7-4d6f-a45f-86e8e6a5d02c
00000284-0000-0000-0000-000000000000,47a18f89-13ab-44e5-8d46-78b97e4a212a
00000284-0000-0000-0000-000000000000,5c6a539a-b7c9-43ff-ac7d-c92501af5a5b
00000220-0000-0000-0000-000000000000,d23082b4-ab12-4bcb-8658-d54ba791f263
00000220-0000-0000-0000-000000000000,ab26f7b3-a063-407d-b101-98c84b4271d5
00000220-0000-0000-0000-000000000000,02759425-149b-467e-af41-11f924577549
00000096-0000-0000-0000-000000000000,810e57ae-aab1-470d-b078-435beb1b5ce8
00000096-0000-0000-0000-000000000000,7c0c9ce7-e664-483c-b426-d49e572e03b7
00000096-0000-0000-0000-000000000000,84a2a25e-6247-4e3b-9596-27b1c43812e2
00000217-0000-0000-0000-000000000000,0a29b75f-af58-4b6a-a124-0d71ffbcbc89
00000217-0000-0000-0000-000000000000,22f74534-81ca-4a52-942b-2637202b1911
00000217-0000-0000-0000-000000000000,0308ebd3-2b11-460b-9952-8fcba86da7cb
00000006-0000-0000-0000-000000000000,1a707124-fe53-45aa-baaa-e3e8d6697742
00000006-0000-0000-0000-000000000000,7cf99338-e083-4204-9701-f26dbf1a2d7d
00000006-0000-0000-0000-000000000000,0bb52aae-bcc6-498c-aa5e-7be563846857
00000237-0000-0000-0000-000000000000,59d9a47e-3f46-4caa-b4e9-9d3056b3e453
00000237-0000-0000-0000-000000000000,2be9b9c5-eb6e-4bfe-8e25-b07e3c15602d
00000237-0000-0000-0000-000000000000,d175b97a-35ec-4993-b9b6-86da1663aaef
00000245-0000-0000-0000-000000000000,dde7a2bb-7f54-4093-aff4-83d1a841483c
00000245-0000-0000-0000-000000000000,0e1dcf65-b0b7-4e04-9553-44a51397ef12
00000245-0000-0000-0000-000000000000,39600cb8-4c55-47af-abc9-4094dd243c82
00000035-0000-0000-0000-000000000000,4392ecba-ea79-496b-8931-e1a79caad179
00000035-0000-0000-0000-000000000000,02759425-149b-467e-af41-11f924577549
00000035-0000-0000-0000-000000000000,fbebcf3a-bdf6-4124-aded-2c11af3ca5a6
00000242-0000-0000-0000-000000000000,209121c3-69df-414a-a1b9-c74a1b14384f
00000242-0000-0000-0000-000000000000,926e8934-7726-4ce4-a8bf-6453fa304abc
00000242-0000-0000-0000-000000000000,e2b44b59-1b9c-40ce-8fc9-541c92fd7c71
00000296-0000-0000-0000-000000000000,02f79eed-d588-4f99-ac88-780855664a22
00000296-0000-0000-0000-000000000000,d1136144-cdf1-4eb0-af46-b42988fb8bda
00000296-0000-0000-0000-000000000000,25a372af-10ba-4f67-b5dd-b199f649e6c8
00000307-0000-0000-0000-000000000000,5a8089d2-36d8-4734-a16c-85db8226bfd3
00000307-0000-0000-0000-000000000000,3079f4b5-91be-4fbf-9433-2f8a08cb889e
00000307-0000-0000-0000-000000000000,96942366-801a-48b7-99aa-0652d787905b
00000229-0000-0000-0000-000000000000,67d746ab-9fe8-4945-b986-4fb4bf0cbd10
00000229-0000-0000-0000-000000000000,b527dade-78c5-4da9-8e84-86ad68506767
00000229-0000-0000-0000-000000000000,978cd90e-8e01-44c3-922b-746885903315
00000030-0000-0000-0000-000000000000,cc9425b7-beaa-4bd9-9ed4-96cd82bda481
00000030-0000-0000-0000-000000000000,f532c956-a335-4688-9078-b1a13a0cfe58
00000030-0000-0000-0000-000000000000,19944bc4-9d7b-4370-8ff4-2720109fc0b6
00000016-0000-0000-0000-000000000000,a8897503-7d8f-4380-af49-3b426a79191d
00000016-0000-0000-0000-000000000000,362eca6f-11f0-4d6b-91f6-c712e9ebf5ce
00000016-0000-0000-0000-000000000000,12e80aff-17a2-4eb4-92cb-15488e75caf0
00000247-0000-0000-0000-000000000000,84d513ad-2a4c-4d38-92a7-b2bf1504ca10
00000247-0000-0000-0000-000000000000,9f58f93b-f6d8-4482-9503-6417d159520c
00000247-0000-0000-0000-000000000000,67d746ab-9fe8-4945-b986-4fb4bf0cbd10
00000285-0000-0000-0000-000000000000,6b2e092b-e034-49f3-b87b-0b6795f56704
00000285-0000-0000-0000-000000000000,b38604f4-94bd-4482-97df-7a768331558a
00000285-0000-0000-0000-000000000000,d4b26e62-5800-495a-9040-01d7a6a2debc
00000077-0000-0000-0000-000000000000,5b8fa65f-9a69-4990-8618-50aa1911e3ec
00000077-0000-0000-0000-000000000000,f36c9036-ef44-437c-8c58-c52b83c566e5
00000077-0000-0000-0000-000000000000,cb96461a-4c0b-47dd-9866-66d16aedb7b8
00000250-0000-0000-0000-000000000000,a06ea0ff-67d9-4967-bbe2-0d9022551740
00000250-0000-0000-0000-000000000000,1f70c6f1-f1a7-44be-90d6-d397bace344b
00000250-0000-0000-0000-000000000000,33dba7e5-0fbe-4294-b101-886838accf6c
00000068-0000-0000-0000-000000000000,21ea48b8-b053-4b2d-a1d8-d3ad15e548d7
00000068-0000-0000-0000-000000000000,59ce17a4-82be-4e0c-adbd-3ef4fd4e8a33
00000068-0000-0000-0000-000000000000,f75de596-3a7e-4cbd-af69-5ef0d67552a5
00000086-0000-0000-0000-000000000000,71282cc9-ca9c-4ab2-8e6d-724d1addf667
00000086-0000-0000-0000-000000000000,470f3a4b-268f-49ac-ba4d-d1fc75c2d271
00000086-0000-0000-0000-000000000000,d2762c95-6397-44b5-b20e-81d4b333dd69
00000232-0000-0000-0000-000000000000,af4a89a5-4fe3-4655-88d7-fd2fcd118441
00000232-0000-0000-0000-000000000000,8225bc7f-2a81-4802-9535-693d36998d5f
00000232-0000-0000-0000-000000000000,903c7ec0-c173-49a0-a310-b0e7d977734a
00000109-0000-0000-0000-000000000000,00774f87-0573-4dd8-b4dc-c43ce406a51f
00000109-0000-0000-0000-000000000000,fe905885-45c1-4114-a05e-1442ab6f1c5f
00000109-0000-0000-0000-000000000000,ea3c3d73-25ac-4a52-bbbf-6307ff51ff22
00000001-0000-0000-0000-000000000000,4a8549c8-8e81-4804-9df9-852952dd5747
00000001-0000-0000-0000-000000000000,a0658d6f-2964-41b0-bce8-4eaa7f013b6f
00000001-0000-0000-0000-000000000000,3e15adba-0431-4397-88fd-7f90d865075d
00000028-0000-0000-0000-000000000000,03390467-c6dc-4242-a039-c7e9a8bb242f
00000028-0000-0000-0000-000000000000,7cf0214f-57fa-4b19-9aa4-2e04541a5aac
00000028-0000-0000-0000-000000000000,fabd5549-84e5-4b45-8c6b-261773e3311a
00000203-0000-0000-0000-000000000000,cb2a9a5c-e621-4429-8434-4216100275c9
00000203-0000-0000-0000-000000000000,f81c0a09-4082-4b6a-8546-12371ff89fba
00000203-0000-0000-0000-000000000000,82c14a9c-625e-4a30-81bc-d05111b884ca
00000091-0000-0000-0000-000000000000,ad4614b5-cfcc-4c7c-9e65-570502869f2f
00000091-0000-0000-0000-000000000000,8955eec6-d2fc-4246-a27f-abce52fc0cfc
00000091-0000-0000-0000-000000000000,1fd6fd59-986f-4e66-885f-85fbbaaaba72
00000105-0000-0000-0000-000000000000,b7a0428e-c402-43cb-8e89-3d5f9a7f644b
00000105-0000-0000-0000-000000000000,32ee69a3-8754-4d61-8f42-fe3b1e2a6e84
00000105-0000-0000-0000-000000000000,17347dbd-dbfc-48f5-984e-4de0a9f0db56
00000067-0000-0000-0000-000000000000,20c2ea34-f2dd-42e0-b10e-55c8dcce0bbd
00000067-0000-0000-0000-000000000000,e509f6c3-bb4b-4cfb-9ff7-6d991c34b0d0
00000067-0000-0000-0000-000000000000,57ce3c6f-9665-46df-862a-3c4f02b010b5
00000013-0000-0000-0000-000000000000,30ee5c53-1559-42f5-94c3-2ffb0b9682aa
00000013-0000-0000-0000-000000000000,994bf8f6-e37d-4ee0-b109-c68554c762dc
00000013-0000-0000-0000-000000000000,476e552e-49ea-4b35-8d54-e80f8059f16b
00000057-0000-0000-0000-000000000000,3655451d-7c18-4289-896d-5b0aa903dd05
00000057-0000-0000-0000-000000000000,8d7709e5-4325-4c93-ad33-0fc7006dc0a9
00000057-0000-0000-0000-000000000000,03390467-c6dc-4242-a039-c7e9a8bb242f
00000002-0000-0000-0000-000000000000,446d2996-bc82-4216-9965-15c3f8b63ada
00000002-0000-0000-0000-000000000000,3655451d-7c18-4289-896d-5b0aa903dd05
00000002-0000-0000-0000-000000000000,3016ea80-b4e8-4301-b4e2-3e9225c5105d
00000253-0000-0000-0000-000000000000,1c5a826a-2475-478c-b79b-eb48a59e0f5d
00000253-0000-0000-0000-000000000000,2c99ae59-cdda-4857-9d29-5909b8ab77a2
00000253-0000-0000-0000-000000000000,af0e1d1c-db58-421f-b90c-1d6949a4398f
00000049-0000-0000-0000-000000000000,74b5d96e-ea97-4476-850b-f78057d7c457
00000049-0000-0000-0000-000000000000,d9865fca-0331-4328-8a3e-d6682fd08cd2
00000049-0000-0000-0000-000000000000,2bf766a4-5800-4d51-8856-c9af292e02fb
00000294-0000-0000-0000-000000000000,c53b9d18-1192-4e28-843f-5ae62685a4be
00000294-0000-0000-0000-000000000000,8dd26ccd-a066-4701-8e13-571adecb9472
00000294-0000-0000-0000-000000000000,25a372af-10ba-4f67-b5dd-b199f649e6c8
00000017-0000-0000-0000-000000000000,4d21e0e7-b334-4fe3-9eb2-bf1cbd4ef232
00000017-0000-0000-0000-000000000000,fb37de11-c5ef-4bda-bfed-ef66576ba1ee
00000017-0000-0000-0000-000000000000,ca19bae7-0abb-48d1-bb35-0c87e12bca49
00000207-0000-0000-0000-000000000000,d8c4c7bf-275a-41cd-9b79-9b8b3eb11efa
00000207-0000-0000-0000-000000000000,2e0e35c2-db89-4cfd-b782-47b1acd8404d
00000207-0000-0000-0000-000000000000,2d0cb84e-6e71-4953-9256-39c1dc8c92cd
00000227-0000-0000-0000-000000000000,d23082b4-ab12-4bcb-8658-d54ba791f263
00000227-0000-0000-0000-000000000000,6964ec08-217c-4cef-a1d5-b082f7a86ad8
00000227-0000-0000-0000-000000000000,ab26f7b3-a063-407d-b101-98c84b4271d5
00000204-0000-0000-0000-000000000000,0937dbcf-7055-450c-854f-c0ff798a6856
00000204-0000-0000-0000-000000000000,14eab0c3-51d8-48e0-9703-47f34f64bbd2
00000204-0000-0000-0000-000000000000,2fcd36dc-7743-4c4d-a797-8271283f3ae4
00000089-0000-0000-0000-000000000000,6f8d2975-3a40-441e-9dd2-c555d7d2fd85
00000089-0000-0000-0000-000000000000,e3deb804-c1e7-48a4-b395-350b31cb3602
00000089-0000-0000-0000-000000000000,59952996-37f3-412e-a74c-a13f0cd1aafa
00000256-0000-0000-0000-000000000000,f1a89f8a-7510-4400-8fbe-20bcb0a2adc3
00000256-0000-0000-0000-000000000000,a141d150-6bdb-488d-b516-cbf579a1dafa
00000256-0000-0000-0000-000000000000,34bdf4ea-a524-46d4-8f85-314ad533b68a
00000291-0000-0000-0000-000000000000,c0cd88f9-f99b-42d3-b5ba-063e65966745
00000291-0000-0000-0000-000000000000,c70371de-82d5-4314-85de-57a5afb48cc9
00000291-0000-0000-0000-000000000000,eb5486e9-6790-4df5-8d49-278f5eab6056
00000008-0000-0000-0000-000000000000,95cf4ddd-4a18-4e75-bc7d-0cc10964e52e
00000008-0000-0000-0000-000000000000,d5569147-478a-4b93-b5f1-19dff5e4c092
00000008-0000-0000-0000-000000000000,e1286b9a-6f94-4c9c-810f-37f67a1950b2
00000106-0000-0000-0000-000000000000,86b57665-ccd9-4dc4-a76f-6744e99f759e
00000106-0000-0000-0000-000000000000,fc408e3d-9c04-44c4-89e4-139cacce27e3
00000106-0000-0000-0000-000000000000,b2e0e809-c9e9-4465-9248-07a9b49b034f
00000084-0000-0000-0000-000000000000,94cd01c5-d04f-4998-937d-3160ab46a1f1
00000084-0000-0000-0000-000000000000,74c6a019-b636-401b-8372-e43b88366e35
00000084-0000-0000-0000-000000000000,2af679ba-eb82-46b4-b3af-a8e16cdef236
00000070-0000-0000-0000-000000000000,6d88e982-53a9-44f7-896d-d0f949a07237
00000070-0000-0000-0000-000000000000,addcf615-01c9-4463-b6e5-7fe98574a781
00000070-0000-0000-0000-000000000000,7ec6e16f-9a7b-435e-a80d-2a1201f9f644
00000301-0000-0000-0000-000000000000,228bcc8e-7fff-4ed2-b5d7-54dc6f0aa126
00000301-0000-0000-0000-000000000000,d23082b4-ab12-4bcb-8658-d54ba791f263
00000301-0000-0000-0000-000000000000,c57fb563-7c9e-4cfd-92ca-fc2ce04c79d2
00000230-0000-0000-0000-000000000000,32747dad-ba7f-48ee-a1bc-026180025150
00000230-0000-0000-0000-000000000000,0ff5b3c8-4b3c-4576-8a89-364d5d88b4bf
00000230-0000-0000-0000-000000000000,6dad80e2-0a4a-44ee-b6e5-748eb3033320
00000092-0000-0000-0000-000000000000,3f2e5ed1-2522-4421-896f-86a6dbd996f5
00000092-0000-0000-0000-000000000000,41c0815d-6a76-43df-a6e3-d54299aa33a7
00000092-0000-0000-0000-000000000000,5d0b8a0b-0864-4458-aa23-4cdf8719916f
00000072-0000-0000-0000-000000000000,c8fd4323-9af9-4a0d-ab53-e563c71f9795
00000072-0000-0000-0000-000000000000,bf529b60-26c1-4400-985d-984229ca7c77
00000072-0000-0000-0000-000000000000,6a93241c-cda4-4139-a197-4352f8407db8
00000211-0000-0000-0000-000000000000,a91d0f81-373c-414b-9682-8ded87f2984d
00000211-0000-0000-0000-000000000000,8b104d7a-2b6b-45b4-95b9-32c8b6488be1
00000211-0000-0000-0000-000000000000,019491e6-7e76-45fd-b5c9-11afa6b9c126
00000258-0000-0000-0000-000000000000,627f33cc-dee7-46d1-b392-eb1a5fea3026
00000258-0000-0000-0000-000000000000,3787711f-ebe6-4c9b-938f-65c24cf63a78
00000258-0000-0000-0000-000000000000,f00c3fb6-6738-4275-828f-0a42e426fef2
00000051-0000-0000-0000-000000000000,36c3b7a5-e415-453a-a43d-f620d652b29a
00000051-0000-0000-0000-000000000000,bec3008a-9c61-4e59-b6a1-52b34666ca10
00000051-0000-0000-0000-000000000000,a5ae1cfb-e72f-43f8-86d8-257566a9b241
00000200-0000-0000-0000-000000000000,d1242985-4e58-41ad-bb80-86a34a6399f4
00000200-0000-0000-0000-000000000000,bb006d23-1db7-46b1-b73f-1e7228349c34
00000200-0000-0000-0000-000000000000,ab63b95c-c91f-455f-b1b7-9105eb671b13
00000274-0000-0000-0000-000000000000,5b269648-5d9f-4043-bcf5-962a8e5913e4
00000274-0000-0000-0000-000000000000,8adaded9-369b-482c-9f14-38440c88d334
00000274-0000-0000-0000-000000000000,bfe2b959-8941-4cbc-aad7-8fbcbb42f3cc
00000041-0000-0000-0000-000000000000,a4e26513-2c87-4acd-8675-11ccb2dcfa67
00000041-0000-0000-0000-000000000000,bdf1e1d2-c621-408e-aa6c-35620795efb6
00000041-0000-0000-0000-000000000000,4e7af464-9ff0-499f-913c-79971d6b1c77
00000087-0000-0000-0000-000000000000,304e9cf1-a292-40d2-8b11-a936f8208ae9
00000087-0000-0000-0000-000000000000,c649c195-d0c2-4e1a-988b-0111661810b8
00000087-0000-0000-0000-000000000000,c0cd88f9-f99b-42d3-b5ba-063e65966745
00000235-0000-0000-0000-000000000000,68ec9c78-13f8-49b9-96d9-b3040a2f4771
00000235-0000-0000-0000-000000000000,33cdf4ac-b750-48b3-b175-7954a7652ff9
00000235-0000-0000-0000-000000000000,502d46d1-539f-4535-a93b-94626fbf2301
00000262-0000-0000-0000-000000000000,6bc8a76c-de25-49f0-ab05-aee03b565c89
00000262-0000-0000-0000-000000000000,e6ed6cd3-c053-491b-83aa-a15a99ed278e
00000262-0000-0000-0000-000000000000,a29ef63d-b62e-4ed8-9527-7470ffc0db83
00000288-0000-0000-0000-000000000000,9954d917-170e-477f-84c9-6d1d42927eed
00000288-0000-0000-0000-000000000000,24991d92-c2dd-4cee-99a6-aa922b0f2eba
00000288-0000-0000-0000-000000000000,1f16ea94-82d4-4b74-97f1-0397d357882c
00000060-0000-0000-0000-000000000000,917b7cf4-29c9-4a12-bd8d-2421e2fd98e0
00000060-0000-0000-0000-000000000000,d001a87d-9486-4117-810b-79c50234fce1
00000060-0000-0000-0000-000000000000,8d0a2e11-a3d6-457d-8dc7-c263fa114fbe
00000222-0000-0000-0000-000000000000,f44898d9-2523-4217-8a9a-29786b7d5a19
00000222-0000-0000-0000-000000000000,e4091ee2-831d-4ebe-a097-655f2bdc68a1
00000222-0000-0000-0000-000000000000,903c7ec0-c173-49a0-a310-b0e7d977734a
00000046-0000-0000-0000-000000000000,bd5ffdb4-0bc5-41a0-a779-27b0f63fc61a
00000046-0000-0000-0000-000000000000,fe80efe9-1164-4e6e-8250-a8acc1b06957
00000046-0000-0000-0000-000000000000,66372719-7b8f-42de-b5be-7e611d9fbe45
00000234-0000-0000-0000-000000000000,7413982d-c207-4bcb-9489-13ef8c761fa4
00000234-0000-0000-0000-000000000000,3c13ef0a-c8d3-43db-a58a-22f425cc7ada
00000234-0000-0000-0000-000000000000,71e3c64d-6aef-484f-bbdb-47a4a39569e8
00000083-0000-0000-0000-000000000000,9f58f93b-f6d8-4482-9503-6417d159520c
00000083-0000-0000-0000-000000000000,67d746ab-9fe8-4945-b986-4fb4bf0cbd10
00000083-0000-0000-0000-000000000000,b7691277-da08-4960-93b4-f04ceac92a3a
00000023-0000-0000-0000-000000000000,852d1186-f297-4906-b3fe-8527cef63202
00000023-0000-0000-0000-000000000000,a3c79177-5bfc-4d31-a542-fa6d9cd38c22
00000023-0000-0000-0000-000000000000,6d43b5a6-de36-4469-8c4a-bd6b7df9d022
00000082-0000-0000-0000-000000000000,70279d69-6221-4758-93f0-d46e18995162
00000082-0000-0000-0000-000000000000,2d57c6de-aaa6-4461-9747-8f48afcd499e
00000082-0000-0000-0000-000000000000,5057d6af-55d5-4a91-9e86-832bdd14f701
00000061-0000-0000-0000-000000000000,e139e58c-9c3b-4b96-b393-1929ef04f553
00000061-0000-0000-0000-000000000000,d4c05c93-b927-4932-994f-d6dfb831f15a
00000061-0000-0000-0000-000000000000,83dbe951-ec49-493c-ad36-3fcd640fb30c
00000056-0000-0000-0000-000000000000,bbdcc070-1808-4514-90ae-3e9d5e6aff44
00000056-0000-0000-0000-000000000000,a2a29cc0-8116-47c0-9d90-44331c6f1914
00000056-0000-0000-0000-000000000000,09456b60-1627-421f-92b1-b8983b45df39
00000099-0000-0000-0000-000000000000,1a4899b4-8df8-48ff-bc25-80bb75633c1e
00000099-0000-0000-0000-000000000000,411fe611-c7b5-4efc-a32c-11c8ae2e883f
00000099-0000-0000-0000-000000000000,9811ba57-e97d-47cd-a544-ead760528cbb
00000075-0000-0000-0000-000000000000,530c19d3-a054-4dea-a621-152f71873465
00000075-0000-0000-0000-000000000000,3ed93d91-23fb-4717-9898-df725bb711c9
00000075-0000-0000-0000-000000000000,82c49474-4338-471f-8fa4-9bedc9b6f021
00000299-0000-0000-0000-000000000000,91a2fe6f-a626-499e-8111-919e7620ca90
00000299-0000-0000-0000-000000000000,1bb5d67b-472f-4e67-b19c-66c7936f4ddf
00000299-0000-0000-0000-000000000000,20da1c0b-8ba9-425b-a53c-014391560737
00000306-0000-0000-0000-000000000000,dafabda1-035e-46ba-8a8e-31c01ce1772b
00000306-0000-0000-0000-000000000000,199f238b-b9e4-4fbf-95a9-db42b1ad71cc
00000306-0000-0000-0000-000000000000,9265fa0a-b23b-470b-bf45-eca7ac84e735
00000080-0000-0000-0000-000000000000,977ffc39-98b4-4c09-9e66-abbcc9d99d42
00000080-0000-0000-0000-000000000000,ee649cd9-7406-4227-abf0-87c14288b3f8
00000080-0000-0000-0000-000000000000,1c573368-a031-4efe-8872-365378ef5157
00000064-0000-0000-0000-000000000000,dde7a2bb-7f54-4093-aff4-83d1a841483c
00000064-0000-0000-0000-000000000000,0e1dcf65-b0b7-4e04-9553-44a51397ef12
00000064-0000-0000-0000-000000000000,39600cb8-4c55-47af-abc9-4094dd243c82
00000271-0000-0000-0000-000000000000,0598d1c1-f304-47c2-927c-6076838a69e8
00000271-0000-0000-0000-000000000000,c528c66d-07cc-4fc1-976d-631b76dddc58
00000271-0000-0000-0000-000000000000,a36897de-8f22-4b37-8615-dec0935343b4
00000039-0000-0000-0000-000000000000,fc0cbdb8-0add-4931-8591-a21ecbfa5b35
00000039-0000-0000-0000-000000000000,3e8bdb30-4cf1-427d-ad73-c42fc7555966
00000039-0000-0000-0000-000000000000,449edbc3-c43d-4b81-9e36-dc8ab2d2f2e1
00000219-0000-0000-0000-000000000000,bb41d9af-c955-4118-a853-6a0c6cc40122
00000219-0000-0000-0000-000000000000,d41d40d7-8914-48dc-a3ee-c95afcad4f95
00000219-0000-0000-0000-000000000000,7c15808f-2068-4351-a0f1-0bc293b90d24
00000273-0000-0000-0000-000000000000,bf04bb4d-16d5-446e-b672-70e5a66b894a
00000273-0000-0000-0000-000000000000,6c393aa3-56fc-47af-b068-1365b97705f6
00000273-0000-0000-0000-000000000000,330c13b2-e453-44d1-b33c-9d8be2efd9c7
00000224-0000-0000-0000-000000000000,f75d3717-24c8-41e6-a78d-ea6f92444209
00000224-0000-0000-0000-000000000000,7c75080c-5d8f-41e2-ad26-c90ad3f671b0
00000224-0000-0000-0000-000000000000,d625583f-3734-46c2-a66d-6b9a7f17163e
00000012-0000-0000-0000-000000000000,9b7bc48a-6e0c-450c-8364-a7da2ac4d4d4
00000012-0000-0000-0000-000000000000,41ca41ac-66e3-4a6b-a604-87bf8b3a8d4d
00000012-0000-0000-0000-000000000000,96459005-ecc6-4db9-914a-14043f280a08
00000033-0000-0000-0000-000000000000,eab2a705-18b6-4bbe-84f4-acacb4cd8a1f
00000033-0000-0000-0000-000000000000,0ead6efd-e477-461a-b609-29fcb7c5d038
00000033-0000-0000-0000-000000000000,5b53496d-48dd-4899-9d45-11f55456cdba
00000240-0000-0000-0000-000000000000,01684b2f-9360-4d70-93b1-05adb631aa62
00000240-0000-0000-0000-000000000000,8df0ee38-6faf-418d-b5bd-cdcf4a1a6c13
00000240-0000-0000-0000-000000000000,52c1d4b4-95e4-42c0-b69c-41cb67950cfa
00000252-0000-0000-0000-000000000000,9f51187f-8895-43a5-820f-790a9e36d49a
00000252-0000-0000-0000-000000000000,3a337b5d-0424-47ed-aba1-c18acce78d9c
00000252-0000-0000-0000-000000000000,47570dc5-c303-4ddf-bc88-010b07d2bbe3
00000069-0000-0000-0000-000000000000,ac413814-d09e-478e-8c01-4f1963a669d8
00000069-0000-0000-0000-000000000000,f6de60b9-3a16-421e-8720-0e2fbc44c3c7
00000069-0000-0000-0000-000000000000,dfaa5a88-82a5-4f83-ae1f-0ace1b19fda8
00000047-0000-0000-0000-000000000000,ffd02b96-cda9-4ef0-b232-de715a38b137
00000047-0000-0000-0000-000000000000,65812218-7bee-472d-8d1d-f6d3dd42bb9d
00000047-0000-0000-0000-000000000000,cb4a3d86-988e-4425-b295-bbe34317c5cb
00000000-0000-0000-0000-000000000000,e85754e3-12e4-44ec-a2c4-78a5b18b8aa7
00000000-0000-0000-0000-000000000000,012207ef-dedf-42fb-a952-066e6c8867ec
00000000-0000-0000-0000-000000000000,a188c969-97df-4d50-a75c-0634b08ac19b
00000052-0000-0000-0000-000000000000,70fd8635-e601-421c-9025-64fcbb2d13be
00000052-0000-0000-0000-000000000000,ac051a6f-d671-4931-9286-c36a94c1bec8
00000052-0000-0000-0000-000000000000,4c264f31-f218-41e9-a15c-17d0d32e55f9
00000103-0000-0000-0000-000000000000,67d746ab-9fe8-4945-b986-4fb4bf0cbd10
00000103-0000-0000-0000-000000000000,978cd90e-8e01-44c3-922b-746885903315
00000103-0000-0000-0000-000000000000,446d2996-bc82-4216-9965-15c3f8b63ada
00000209-0000-0000-0000-000000000000,3149730b-15c0-4e4b-a8d4-0448a477238e
00000209-0000-0000-0000-000000000000,10a7b1ec-4a1f-468e-8509-c9349e6e2d9c
00000209-0000-0000-0000-000000000000,2fd4d573-ba85-4c82-9709-423a0ae2fc4d
00000251-0000-0000-0000-000000000000,8b22b0a3-63f8-4b38-9d98-0af90499e212
00000251-0000-0000-0000-000000000000,e3f95989-7375-4657-bae8-1e453bc90ef6
00000251-0000-0000-0000-000000000000,0a32a2c9-a3fe-4e23-b5ce-f5b3b1dd6f44
00000275-0000-0000-0000-000000000000,dd00abd6-626b-4741-83d1-5b36fa36a635
00000275-0000-0000-0000-000000000000,0a6e4756-7556-4581-8d88-2769296812c4
00000275-0000-0000-0000-000000000000,a5685070-8144-4954-b84a-bbddcf859983
00000048-0000-0000-0000-000000000000,3f5468bc-4d08-445d-8f27-13034e402d01
00000048-0000-0000-0000-000000000000,a9cb68d7-b4a3-4432-9029-f1a5f5774016
00000048-0000-0000-0000-000000000000,99fc18cc-1731-4231-92d4-0a72952be66b
00000036-0000-0000-0000-000000000000,87d1eda6-bfc4-49bb-9e35-5ee8e772726f
00000036-0000-0000-0000-000000000000,917b7cf4-29c9-4a12-bd8d-2421e2fd98e0
00000036-0000-0000-0000-000000000000,36450671-2474-4e24-867c-46cab8f53a77
00000218-0000-0000-0000-000000000000,d4e7a0f1-65aa-4d09-9329-f09dec341115
00000218-0000-0000-0000-000000000000,7a3e9dc2-2572-4954-82b4-1786e9e48f1f
00000218-0000-0000-0000-000000000000,41ca41ac-66e3-4a6b-a604-87bf8b3a8d4d
00000298-0000-0000-0000-000000000000,531fef8d-f493-42bc-980f-4a86f91bc5ea
00000298-0000-0000-0000-000000000000,e73965a2-2f44-4951-aade-9b46a0d4e185
00000298-0000-0000-0000-000000000000,fbe040c2-4191-4ac9-91e9-70fb8a769740
00000040-0000-0000-0000-000000000000,464ace62-ddf2-423d-a5d7-2f17e6785c8e
00000040-0000-0000-0000-000000000000,da6c8a3f-45a9-4025-a63a-47c05ba2b336
00000040-0000-0000-0000-000000000000,33b36e7c-2107-408e-b749-75fd6fc66b53
00000260-0000-0000-0000-000000000000,a71c4494-a6aa-4779-8c38-8b510453f03a
00000260-0000-0000-0000-000000000000,418a1b24-0302-4802-a4f8-c341e99a12aa
00000260-0000-0000-0000-000000000000,b8912c36-293d-41be-8c13-4db3b61d2a1e
00000011-0000-0000-0000-000000000000,ec301d79-dd16-4e88-b389-eb5f12bafef8
00000011-0000-0000-0000-000000000000,79c61856-f978-48c5-a7a8-0863bc661106
00000011-0000-0000-0000-000000000000,639736f7-65fe-4edb-bdd9-cbf236adc7f0
00000249-0000-0000-0000-000000000000,e9a3297d-f12b-4f25-94a2-78c5c2393ba7
00000249-0000-0000-0000-000000000000,3370df4d-35fe-4b71-8cb0-5b29dd536da3
00000249-0000-0000-0000-000000000000,93fb1b5b-1f85-4fe2-b8d2-0f64cb18bd7e
00000022-0000-0000-0000-000000000000,a2f73ce5-2117-4e61-b8fb-17a1c21dad37
00000022-0000-0000-0000-000000000000,4819c71f-c788-4de8-a30d-0131215bb4f6
00000022-0000-0000-0000-000000000000,e7411b48-5193-4452-a5f8-2dee4295ce15
00000093-0000-0000-0000-000000000000,74736be6-4150-40db-93c1-a28cf671edb3
00000093-0000-0000-0000-000000000000,36b99a95-b00b-4f90-922d-4fdc78cd3923
00000093-0000-0000-0000-000000000000,fc061079-2588-4272-9dba-3887cccc4288
00000031-0000-0000-0000-000000000000,40d0c42f-fa06-421a-ab58-e56bb5690f4d
00000031-0000-0000-0000-000000000000,81762624-6b09-44e3-b5fb-973ed8f5b7de
00000031-0000-0000-0000-000000000000,985e5cbc-62e8-4dd5-9860-f13ab84c5d27
00000050-0000-0000-0000-000000000000,147f526c-82c9-4001-8e68-77c909b73491
00000050-0000-0000-0000-000000000000,833cb339-1b49-46fc-bc8d-7a8b5b7eae52
00000050-0000-0000-0000-000000000000,1709cb4c-ebc7-457b-b673-68d2b0782cc8
00000277-0000-0000-0000-000000000000,1b0e7e00-2fed-4f84-9ae0-78df4092b938
00000277-0000-0000-0000-000000000000,ba29d074-70ca-4cbc-a786-aad0870eecf1
00000277-0000-0000-0000-000000000000,371e5992-29e1-4dc9-80fa-17fad99a5acd
00000027-0000-0000-0000-000000000000,0300c15e-5e76-4b43-aead-f80319f536dd
00000027-0000-0000-0000-000000000000,11914201-ec89-43a8-b1a0-2fb912e1df88
00000027-0000-0000-0000-000000000000,4f44cc5a-daef-4c5a-b9a0-9d72fb0b117c
00000272-0000-0000-0000-000000000000,2276e958-d625-450a-8bee-b06b762e0b16
00000272-0000-0000-0000-000000000000,9d846906-fea3-4956-90dd-838f9f0cd141
00000272-0000-0000-0000-000000000000,ebde5d63-369c-4fce-8214-d4bbfcec1b78
00000054-0000-0000-0000-000000000000,39821ad7-cabe-4ccc-a6bc-4c0a9592fa4a
00000054-0000-0000-0000-000000000000,b519a156-4702-46a8-9e87-1c07c154f242
00000054-0000-0000-0000-000000000000,26546445-53a1-41e1-85e2-7ceb0f0b3690
00000302-0000-0000-0000-000000000000,304851d2-f40a-4727-b9e1-254ba79a6276
00000302-0000-0000-0000-000000000000,b0f3aa6c-8e92-4044-8e53-571e38d9451c
00000302-0000-0000-0000-000000000000,fca752a5-c42b-41c2-8b3b-49e1230b2bb9
00000003-0000-0000-0000-000000000000,254558bf-c608-47aa-952e-3f94805911f3
00000003-0000-0000-0000-000000000000,a5097fd3-23ee-40a3-81d8-2a909cc202ee
00000003-0000-0000-0000-000000000000,b7657d10-f31a-4911-9e72-293c97208f89
00000202-0000-0000-0000-000000000000,88439180-e442-4ecf-a485-88c7de0296e9
00000202-0000-0000-0000-000000000000,9f9981f6-4956-4244-8c53-81e9e1ec0ac8
00000202-0000-0000-0000-000000000000,0f0dd1ae-a36c-4c97-9785-4698400c67b1
00000074-0000-0000-0000-000000000000,538f5608-6b05-498e-8b85-88d14723801c
00000074-0000-0000-0000-000000000000,5f206999-c7fc-4252-aa37-27655345e78d
00000074-0000-0000-0000-000000000000,749b55df-5b6b-4dc0-bd42-354ce61052f3
00000044-0000-0000-0000-000000000000,8ce9b365-0ab9-4230-af45-6cdfd9a4c25b
00000044-0000-0000-0000-000000000000,22f74534-81ca-4a52-942b-2637202b1911
00000044-0000-0000-0000-000000000000,4f44cc5a-daef-4c5a-b9a0-9d72fb0b117c
00000063-0000-0000-0000-000000000000,157054e4-e5a1-4cd7-8bca-08ba63248790
00000063-0000-0000-0000-000000000000,d9e659fe-57b4-4f31-af28-93911a2e50c2
00000063-0000-0000-0000-000000000000,6dcf1f6e-36a9-4606-b43d-9a6b456ab0bb
00000037-0000-0000-0000-000000000000,497d109c-5076-4287-a612-cc9f885150d9
00000037-0000-0000-0000-000000000000,98aa3d74-c8dd-4d7e-9d21-4281b49f03b4
00000037-0000-0000-0000-000000000000,98d7caea-f122-48ca-bf20-b483f5a71ebc
00000029-0000-0000-0000-000000000000,2e0e35c2-db89-4cfd-b782-47b1acd8404d
00000029-0000-0000-0000-000000000000,f50cc54c-c51f-45d2-958e-bba326e33417
00000029-0000-0000-0000-000000000000,2d0cb84e-6e71-4953-9256-39c1dc8c92cd
00000102-0000-0000-0000-000000000000,3d6ff988-e5b3-4208-912c-6cc8ece86828
00000102-0000-0000-0000-000000000000,273bfaf9-96f8-4979-ab8c-38e7096ef2c5
00000102-0000-0000-0000-000000000000,d2d4c263-f0f0-41b3-9390-4929fd8ec57c
00000228-0000-0000-0000-000000000000,74a4c893-af24-42d3-b48f-ae6738295200
00000228-0000-0000-0000-000000000000,59b15893-ea8a-44e3-b33f-04c3ce9b2e10
00000228-0000-0000-0000-000000000000,fd8927f8-e4f1-4338-956e-3e18597a6d47
00000297-0000-0000-0000-000000000000,bcb32b8a-4ba8-47c6-b565-04569f496a26
00000297-0000-0000-0000-000000000000,fe5cc429-e590-4e30-ace2-076253277ec1
00000297-0000-0000-0000-000000000000,8f2cea13-fb1d-458d-80c9-0804747e0ecf
00000278-0000-0000-0000-000000000000,10ad718b-f08c-405c-bffe-b819f64ad012
00000278-0000-0000-0000-000000000000,8d7709e5-4325-4c93-ad33-0fc7006dc0a9
00000278-0000-0000-0000-000000000000,df495f22-6315-42a8-9553-b43ab707b683
00000053-0000-0000-0000-000000000000,a53d4e09-809a-4b27-9c74-e0a4bd1c6890
00000053-0000-0000-0000-000000000000,34d9ff5e-ccde-4e54-bd7e-e400c925bf62
00000053-0000-0000-0000-000000000000,92ee6070-0603-4c73-94b7-42861602208e
00000026-0000-0000-0000-000000000000,7a7412db-e9f4-4797-909b-dc8109011540
00000026-0000-0000-0000-000000000000,b8f659fa-05f1-4dba-a884-5e3fd292d908
00000026-0000-0000-0000-000000000000,cf465c39-755c-4985-a804-63007cc9f8bc
00000265-0000-0000-0000-000000000000,56e5d264-6f82-4e01-8a96-5f369204dc44
00000265-0000-0000-0000-000000000000,e3922bfb-5e6d-4e87-b2ae-9a92f51be3cb
00000265-0000-0000-0000-000000000000,c929d733-46ba-485c-a911-a17f3238ec7d
00000216-0000-0000-0000-000000000000,07ba99c0-c36a-464c-a896-8466cc84c501
00000216-0000-0000-0000-000000000000,076e6344-def6-44e9-ac90-aac3b12b3272
00000216-0000-0000-0000-000000000000,185008d2-6091-4beb-94e4-d847d70fdea6
00000095-0000-0000-0000-000000000000,647f45f2-bafd-4b6e-a100-2ae559cc8925
00000095-0000-0000-0000-000000000000,784260e4-582d-4c3f-a1c7-d7632b3a9d93
00000095-0000-0000-0000-000000000000,41c0815d-6a76-43df-a6e3-d54299aa33a7
00000305-0000-0000-0000-000000000000,613bcebe-d2b1-4611-9cd5-ac904cd3361f
00000305-0000-0000-0000-000000000000,e010b0ff-3290-4594-9cb4-4ccc592193bc
00000305-0000-0000-0000-000000000000,17da5059-eb31-4c80-95d8-937d6f989928
00000007-0000-0000-0000-000000000000,281273f5-0adf-4bf7-9b3e-26c77b894ec7
00000007-0000-0000-0000-000000000000,e4d075ab-c60b-4b22-bb31-ea0ca56e1faf
00000007-0000-0000-0000-000000000000,d758612c-6dfb-47b4-991d-6f053b282264
00000088-0000-0000-0000-000000000000,27422081-5e3e-4716-b7c2-883e7961640d
00000088-0000-0000-0000-000000000000,5fd8794e-1d2b-4c33-b40c-2fa40c6c37c8
00000088-0000-0000-0000-000000000000,206eb632-3ee5-47ce-baa8-a4abc42d90e0
00000244-0000-0000-0000-000000000000,fed07bdf-90e8-4236-bc5e-43eb5fe17061
00000244-0000-0000-0000-000000000000,24528236-6f25-4084-a6be-1d69293811dd
00000244-0000-0000-0000-000000000000,6b5e0ad8-6108-4d20-93fb-e598d836b910
00000223-0000-0000-0000-000000000000,e2161953-e80b-41b3-a83b-5bc7d76a801c
00000223-0000-0000-0000-000000000000,2107ea05-8350-45e8-b72f-19e99ed1256d
00000223-0000-0000-0000-000000000000,0a12c845-19fc-435c-8a19-3a0e9d2b4743
00000303-0000-0000-0000-000000000000,5973b08a-ef7d-431c-ac58-d31d4a57d63c
00000303-0000-0000-0000-000000000000,6b6971ff-885f-48cf-adca-46bbd01041e6
00000303-0000-0000-0000-000000000000,cd00611c-aa67-42be-9981-5e4733e1fadd
00000286-0000-0000-0000-000000000000,466f5811-9b37-4589-9571-bafadd92c349
00000286-0000-0000-0000-000000000000,9e450373-2bca-4b87-8625-2e9193b6358c
00000286-0000-0000-0000-000000000000,147bc0c1-bce6-48f0-83e0-1d70a64c1b8b
00000266-0000-0000-0000-000000000000,bf023a9d-47f3-4d77-8bf1-5a854b5403a7
00000266-0000-0000-0000-000000000000,c0129745-835c-4f14-a3dd-b3cb6faf0348
00000266-0000-0000-0000-000000000000,d40a417d-48e4-43cc-8b43-47607ef925d1
